Issue key,Issue id,Status,Created,Updated
EC-17,10316,To Do,20/Mar/23 8:57 AM,20/Mar/23 8:57 AM
EC-16,10315,To Do,20/Mar/23 8:56 AM,20/Mar/23 8:56 AM
EC-15,10314,To Do,20/Mar/23 8:56 AM,20/Mar/23 8:56 AM
EC-14,10313,To Do,20/Mar/23 8:56 AM,20/Mar/23 8:56 AM
EC-13,10312,To Do,20/Mar/23 8:56 AM,20/Mar/23 8:56 AM
EC-12,10311,To Do,20/Mar/23 8:56 AM,20/Mar/23 8:56 AM
EC-11,10310,To Do,20/Mar/23 8:55 AM,20/Mar/23 8:55 AM
EC-10,10309,To Do,20/Mar/23 8:55 AM,20/Mar/23 8:55 AM
EC-9,10308,To Do,20/Mar/23 8:55 AM,20/Mar/23 8:55 AM
EC-8,10307,To Do,20/Mar/23 8:55 AM,20/Mar/23 8:55 AM
EC-7,10306,To Do,20/Mar/23 8:54 AM,20/Mar/23 8:54 AM
EC-6,10305,To Do,20/Mar/23 8:53 AM,20/Mar/23 8:53 AM
EC-5,10304,To Do,20/Mar/23 8:53 AM,20/Mar/23 8:53 AM
EC-4,10303,To Do,20/Mar/23 8:53 AM,20/Mar/23 8:53 AM
EC-3,10302,To Do,20/Mar/23 8:53 AM,20/Mar/23 8:53 AM
EC-2,10301,To Do,20/Mar/23 8:52 AM,20/Mar/23 8:52 AM
EC-1,10300,To Do,20/Mar/23 8:52 AM,20/Mar/23 8:52 AM
